{"mark_type_val_1": 0.85, "x_type_val_1": 0.19, "y_type_val_1": 0.91, "x_name_val_1": 0.87, "y_name_val_1": 0.66, "struct_error_val_1": 0.15, "mark_type_val_2": 1.0, "x_type_val_2": 1.0, "y_type_val_2": 1.0, "x_name_val_2": 1.0, "y_name_val_2": 1.0, "struct_error_val_2": 0.0, "epoch": 100, "max_epoch": 10, "loss": 0.006294691003859043, "_timestamp": 1733126004.580174, "_runtime": 13449.250128030777, "_step": 20, "_wandb": {"runtime": 13448}}