{"mark_type_val_1": 0.3, "x_type_val_1": 0.0, "y_type_val_1": 1.0, "x_name_val_1": 1.0, "y_name_val_1": 1.0, "struct_error_val_1": 0.75, "mark_type_val_2": 0.92, "x_type_val_2": 0.5, "y_type_val_2": 1.0, "x_name_val_2": 1.0, "y_name_val_2": 0.98, "struct_error_val_2": 0.0, "epoch": 80, "loss": 3.3646106719970703, "_timestamp": 1730737279.2413266, "_runtime": 12090.87032365799, "_step": 16, "_wandb": {"runtime": 12356}}