{"mark_type_val_1": 1.0, "x_type_val_1": 0.25, "y_type_val_1": 1.0, "x_name_val_1": 0.53, "y_name_val_1": 0.55, "struct_error_val_1": 0.5, "mark_type_val_2": 1.0, "x_type_val_2": 0.5, "y_type_val_2": 1.0, "x_name_val_2": 1.0, "y_name_val_2": 0.99, "struct_error_val_2": 0.0, "epoch": 50, "loss": 0.08335281163454056, "_timestamp": 1730698655.9545739, "_runtime": 8294.112434864044, "_step": 50, "_wandb": {"runtime": 8293}}