{"epoch": 49, "train_loss": 0.25476957857608795, "val_loss": 2.3642563819885254, "val_accuracy": 0.12, "_timestamp": 1730832234.1825504, "_runtime": 368.1913495063782, "_step": 49, "_wandb": {"runtime": 367}}