{"val1_y_name": NaN, "val2_y_name": NaN, "loss": 3.6374154090881348, "_timestamp": 1729524210.337654, "_runtime": 394.4207890033722, "_step": 0}