{"mark_type_val_1": 1.0, "x_type_val_1": 0.13, "y_type_val_1": 1.0, "x_name_val_1": 0.92, "y_name_val_1": 0.92, "struct_error_val_1": 0.4, "mark_type_val_2": 1.0, "x_type_val_2": 1.0, "y_type_val_2": 1.0, "x_name_val_2": 1.0, "y_name_val_2": 0.98, "struct_error_val_2": 0.0, "epoch": 40, "loss": 0.019342171028256416, "_timestamp": 1731177282.4752238, "_runtime": 8475.159858703613, "_step": 8, "_wandb": {"runtime": 9368}}