{"mark_type_val_1": 0.67, "x_type_val_1": 0.1, "y_type_val_1": 1.0, "x_name_val_1": 1.0, "y_name_val_1": 0.98, "mark_type_val_2": 0.95, "x_type_val_2": 0.5, "y_type_val_2": 1.0, "x_name_val_2": 1.0, "y_name_val_2": 0.91, "loss": 2.499070167541504, "_timestamp": 1729894866.119494, "_runtime": 844.4344849586487, "_step": 1, "_wandb": {"runtime": 999}}