{"epoch": 9, "train_loss": 0.13803933188319206, "val_loss": 2.8115344047546387, "val_accuracy": 0.17, "_timestamp": 1730831430.0481453, "_runtime": 79.00792241096497, "_step": 9, "_wandb": {"runtime": 78}}