{"val1_y_name": 1.0, "val2_y_name": 0.59, "loss": 0.9090288281440735, "_timestamp": 1729310765.4378893, "_runtime": 31295.12529039383, "_step": 50, "_wandb": {"runtime": 32608}}