{"loss": 4.915476322174072, "_timestamp": 1731251550.4851744, "_runtime": 274.8238203525543, "_step": 0, "_wandb": {"runtime": 328}}