{"mark_type_val_1": 0.91, "x_type_val_1": 0.2, "y_type_val_1": 0.9, "x_name_val_1": 0.16, "y_name_val_1": 0.24, "struct_error_val_1": 0.2, "mark_type_val_2": 1.0, "x_type_val_2": 1.0, "y_type_val_2": 1.0, "x_name_val_2": 1.0, "y_name_val_2": 1.0, "struct_error_val_2": 0.0, "epoch": 100, "loss": 0.00014388543786481023, "_timestamp": 1731710693.3461473, "_runtime": 15968.007022380829, "_step": 10, "_wandb": {"runtime": 15967}}