{"loss": 0.07275675982236862, "_timestamp": 1731535122.975323, "_runtime": 8465.62928199768, "_step": 61, "mark_type_val_1": 0.66, "x_type_val_1": 0.23, "y_type_val_1": 0.76, "x_name_val_1": 0.99, "y_name_val_1": 0.96, "struct_error_val_1": 0.1, "mark_type_val_2": 1.0, "x_type_val_2": 1.0, "y_type_val_2": 1.0, "x_name_val_2": 1.0, "y_name_val_2": 0.99, "struct_error_val_2": 0.0, "epoch": 50, "_wandb": {"runtime": 8464}}