{"loss": 0.00901478249579668, "_timestamp": 1731202178.8239613, "_runtime": 17203.92849421501, "_step": 61, "mark_type_val_1": 0.93, "x_type_val_1": 0.2, "y_type_val_1": 1.0, "x_name_val_1": 0.93, "y_name_val_1": 0.85, "struct_error_val_1": 0.25, "mark_type_val_2": 1.0, "x_type_val_2": 1.0, "y_type_val_2": 1.0, "x_name_val_2": 1.0, "y_name_val_2": 1.0, "struct_error_val_2": 0.0, "epoch": 50, "_wandb": {"runtime": 17203}}