{"loss": 0.04713631793856621, "_timestamp": 1731195454.2736673, "_runtime": 10479.378200292587, "_step": 37, "mark_type_val_1": 0.9, "x_type_val_1": 0.21, "y_type_val_1": 1.0, "x_name_val_1": 0.97, "y_name_val_1": 0.98, "struct_error_val_1": 0.45, "mark_type_val_2": 1.0, "x_type_val_2": 1.0, "y_type_val_2": 1.0, "x_name_val_2": 1.0, "y_name_val_2": 1.0, "struct_error_val_2": 0.0, "epoch": 30}