{"val1_y_name": 0.99, "val2_y_name": 0.72, "loss": 0.6393452286720276, "_timestamp": 1729546285.474086, "_runtime": 21873.62694311142, "_step": 50, "_wandb": {"runtime": 22801}}