{"mark_type_val_1": 0.15, "x_type_val_1": 0.17, "y_type_val_1": 1.0, "x_name_val_1": 0.15, "y_name_val_1": 0.14, "struct_error_val_1": 0.0, "mark_type_val_2": 0.21, "x_type_val_2": 0.24, "y_type_val_2": 0.86, "x_name_val_2": 0.62, "y_name_val_2": 0.1, "struct_error_val_2": 0.0, "epoch": 40, "loss": 0.4945944547653198, "_timestamp": 1731694430.5621488, "_runtime": 7980.244060754776, "_step": 8, "_wandb": {"runtime": 8189}}