{"loss": 0.7024414539337158, "_timestamp": 1731183599.3781466, "_runtime": 4379.870102643967, "_step": 29, "mark_type_val_1": 0.84, "x_type_val_1": 0.21, "y_type_val_1": 1.0, "x_name_val_1": 0.81, "y_name_val_1": 0.81, "struct_error_val_1": 0.3, "mark_type_val_2": 1.0, "x_type_val_2": 1.0, "y_type_val_2": 1.0, "x_name_val_2": 1.0, "y_name_val_2": 0.98, "struct_error_val_2": 0.0, "epoch": 20, "_wandb": {"runtime": 4591}}