{"loss": 0.005359681788831949, "_timestamp": 1731266229.0528479, "_runtime": 14559.099432945251, "_step": 62, "mark_type_val_1": 0.94, "x_type_val_1": 0.45, "y_type_val_1": 1.0, "x_name_val_1": 0.96, "y_name_val_1": 0.93, "struct_error_val_1": 0.15, "mark_type_val_2": 1.0, "x_type_val_2": 1.0, "y_type_val_2": 1.0, "x_name_val_2": 1.0, "y_name_val_2": 1.0, "struct_error_val_2": 0.0, "epoch": 50}