{"loss": 0.007943794131278992, "_timestamp": 1731277246.447693, "_runtime": 25576.49427819252, "_step": 111, "mark_type_val_1": 1.0, "x_type_val_1": 0.4, "y_type_val_1": 1.0, "x_name_val_1": 0.96, "y_name_val_1": 0.59, "struct_error_val_1": 0.3, "mark_type_val_2": 1.0, "x_type_val_2": 1.0, "y_type_val_2": 1.0, "x_name_val_2": 1.0, "y_name_val_2": 1.0, "struct_error_val_2": 0.0, "epoch": 100, "_wandb": {"runtime": 25575}}