{"mark_type_val_1": 0.33, "x_type_val_1": 0.0, "y_type_val_1": 1.0, "x_name_val_1": 0.0, "y_name_val_1": 1.0, "struct_error_val_1": 0.95, "mark_type_val_2": 0.38, "x_type_val_2": 0.5, "y_type_val_2": 1.0, "x_name_val_2": 1.0, "y_name_val_2": 0.9, "struct_error_val_2": 0.0, "epoch": 2, "loss": 4.589889049530029, "_timestamp": 1730689196.0881896, "_runtime": 618.9976127147675, "_step": 2}