{"mark_type_val_1": 1.0, "x_type_val_1": 0.24, "y_type_val_1": 1.0, "x_name_val_1": 0.83, "y_name_val_1": 0.94, "struct_error_val_1": 0.5, "mark_type_val_2": 1.0, "x_type_val_2": 0.5, "y_type_val_2": 1.0, "x_name_val_2": 1.0, "y_name_val_2": 0.99, "struct_error_val_2": 0.0, "epoch": 50, "loss": 0.08335281163454056, "_timestamp": 1730720067.434118, "_runtime": 7201.170244932175, "_step": 10, "_wandb": {"runtime": 7200}}