{"val1_y_name": 0.92, "val2_y_name": 0.96, "loss": 1.1771794557571411, "_timestamp": 1729728654.8666568, "_runtime": 4315.277502775192, "_step": 14, "_wandb": {"runtime": 4483}}