{"mark_type_val_1": 0.69, "x_type_val_1": 0.21, "y_type_val_1": 0.84, "x_name_val_1": 1.0, "y_name_val_1": 0.98, "struct_error_val_1": 0.25, "mark_type_val_2": 1.0, "x_type_val_2": 1.0, "y_type_val_2": 1.0, "x_name_val_2": 1.0, "y_name_val_2": 0.99, "struct_error_val_2": 0.0, "epoch": 20, "max_epoch": 10, "loss": 0.6431117057800293, "_timestamp": 1733111230.3550155, "_runtime": 3095.722512483597, "_step": 4, "_wandb": {"runtime": 3670}}