{"loss": 0.0002833420876413584, "_timestamp": 1731644089.9927547, "_runtime": 32676.740025758743, "_step": 241, "mark_type_val_1": 0.95, "x_type_val_1": 0.22, "y_type_val_1": 0.54, "x_name_val_1": 0.96, "y_name_val_1": 0.59, "struct_error_val_1": 0.05, "mark_type_val_2": 1.0, "x_type_val_2": 1.0, "y_type_val_2": 1.0, "x_name_val_2": 1.0, "y_name_val_2": 1.0, "struct_error_val_2": 0.0, "epoch": 200, "_wandb": {"runtime": 32675}}